{"text": " con gusto, ya llego a la direcci\u00f3n, a ver una, ustedes tienen tecnolog\u00eda para saber, no, la tecnolog\u00eda de nosotros no da para eso, mire el sistema de rastreo de nosotros", "segments": [{"id": 0, "seek": 0, "start": 0.0, "end": 13.120000000000001, "text": " con gusto, ya llego a la direcci\u00f3n, a ver una, ustedes tienen tecnolog\u00eda para saber, no, la tecnolog\u00eda de nosotros no da para eso, mire el sistema de rastreo de nosotros", "tokens": [50364, 416, 38723, 11, 2478, 4849, 6308, 257, 635, 1264, 14735, 11, 257, 1306, 2002, 11, 17110, 12536, 48055, 1690, 12489, 11, 572, 11, 635, 48055, 368, 13863, 572, 1120, 1690, 7287, 11, 275, 621, 806, 13245, 368, 367, 49199, 78, 368, 13863, 51020], "temperature": 0.0, "avg_logprob": -0.4630519019232856, "compression_ratio": 1.4453781512605042, "no_speech_prob": 0.7671383023262024}], "language": "es"}