{"text": " No, no. La ubicaci\u00f3n. Podemos ir para la ubicaci\u00f3n. Pero si le mandamos la ubicaci\u00f3n, ustedes no pueden ir. Si le mandamos. Si eso es lo que falta. Eso es f\u00e1cil. Si lo que falta.", "segments": [{"id": 0, "seek": 0, "start": 0.0, "end": 4.0, "text": " No, no. La ubicaci\u00f3n. Podemos ir para la ubicaci\u00f3n.", "tokens": [883, 11, 572, 13, 2369, 26709, 299, 3482, 13, 12646, 4485, 3418, 1690, 635, 26709, 299, 3482, 13], "temperature": 0.0, "avg_logprob": -0.325854410890673, "compression_ratio": 1.5333333333333334, "no_speech_prob": 0.5664129853248596}, {"id": 1, "seek": 0, "start": 4.0, "end": 10.0, "text": " Pero si le mandamos la ubicaci\u00f3n, ustedes no pueden ir. Si le mandamos. Si eso es lo que falta. Eso es f\u00e1cil.", "tokens": [9377, 1511, 476, 7411, 2151, 635, 26709, 299, 3482, 11, 17110, 572, 14714, 3418, 13, 4909, 476, 7411, 2151, 13, 4909, 7287, 785, 450, 631, 22111, 13, 27795, 785, 17474, 13], "temperature": 0.0, "avg_logprob": -0.325854410890673, "compression_ratio": 1.5333333333333334, "no_speech_prob": 0.5664129853248596}, {"id": 2, "seek": 1000, "start": 10.0, "end": 38.0, "text": " Si lo que falta.", "tokens": [50364, 4909, 450, 631, 22111, 13, 51764], "temperature": 0.0, "avg_logprob": -0.42892882227897644, "compression_ratio": 0.6666666666666666, "no_speech_prob": 0.0022490788251161575}], "language": "es"}