{"text": " con gusto, ya llego a la direcci\u00f3n, a ver, ustedes tienen tecnolog\u00eda para saber no, la tecnolog\u00eda de nosotros no da para eso, mire el sistema de rastreo de nosotros", "segments": [{"id": 0, "seek": 0, "start": 0.0, "end": 6.32, "text": " con gusto, ya llego a la direcci\u00f3n, a ver, ustedes tienen tecnolog\u00eda para saber", "tokens": [416, 38723, 11, 2478, 4849, 6308, 257, 635, 1264, 14735, 11, 257, 1306, 11, 17110, 12536, 48055, 1690, 12489], "temperature": 0.0, "avg_logprob": -0.4465158250596788, "compression_ratio": 1.4396551724137931, "no_speech_prob": 0.7597267031669617}, {"id": 1, "seek": 632, "start": 6.32, "end": 34.32, "text": " no, la tecnolog\u00eda de nosotros no da para eso, mire el sistema de rastreo de nosotros", "tokens": [50364, 572, 11, 635, 48055, 368, 13863, 572, 1120, 1690, 7287, 11, 275, 621, 806, 13245, 368, 367, 49199, 78, 368, 13863, 51764], "temperature": 0.0, "avg_logprob": -0.40053900082906085, "compression_ratio": 1.1486486486486487, "no_speech_prob": 0.004188842140138149}], "language": "es"}