{"text": " No, no, la ubicaci\u00f3n. Podemos ir para la ubicaci\u00f3n. Pero si le mandamos la ubicaci\u00f3n, ustedes no pueden ir, si le mandamos. Si eso es lo que falta, eso es f\u00e1cil. \u00bfSi lo que falta?", "segments": [{"id": 0, "seek": 0, "start": 0.0, "end": 4.0, "text": " No, no, la ubicaci\u00f3n. Podemos ir para la ubicaci\u00f3n.", "tokens": [883, 11, 572, 11, 635, 26709, 299, 3482, 13, 12646, 4485, 3418, 1690, 635, 26709, 299, 3482, 13], "temperature": 0.0, "avg_logprob": -0.3196746886722625, "compression_ratio": 1.546218487394958, "no_speech_prob": 0.5643711686134338}, {"id": 1, "seek": 0, "start": 4.0, "end": 8.0, "text": " Pero si le mandamos la ubicaci\u00f3n, ustedes no pueden ir, si le mandamos.", "tokens": [9377, 1511, 476, 7411, 2151, 635, 26709, 299, 3482, 11, 17110, 572, 14714, 3418, 11, 1511, 476, 7411, 2151, 13], "temperature": 0.0, "avg_logprob": -0.3196746886722625, "compression_ratio": 1.546218487394958, "no_speech_prob": 0.5643711686134338}, {"id": 2, "seek": 0, "start": 8.0, "end": 10.0, "text": " Si eso es lo que falta, eso es f\u00e1cil.", "tokens": [4909, 7287, 785, 450, 631, 22111, 11, 7287, 785, 17474, 13], "temperature": 0.0, "avg_logprob": -0.3196746886722625, "compression_ratio": 1.546218487394958, "no_speech_prob": 0.5643711686134338}, {"id": 3, "seek": 1000, "start": 10.0, "end": 38.0, "text": " \u00bfSi lo que falta?", "tokens": [50364, 3841, 35885, 450, 631, 22111, 30, 51764], "temperature": 0.0, "avg_logprob": -0.44662608040703666, "compression_ratio": 0.6923076923076923, "no_speech_prob": 0.004326542839407921}], "language": "es"}